{"cameraMode":{"drawMode":0,"name":"Shaded","section":"Shading Mode"},"sceneLighting":false,"audioPlay":false,"sceneViewState":{"showFog":false,"showMaterialUpdate":false,"showSkybox":false,"showFlares":false,"showImageEffects":false,"showParticleSystems":true},"in2DMode":false,"pivot":{"x":-13.094411849975586,"y":46.14010238647461,"z":35.134315490722659},"rotation":{"x":0.19014908373355866,"y":-0.02885959856212139,"z":0.005592225585132837,"w":0.9813150763511658},"size":46.05079650878906,"orthographic":true}